case_id,layout,split,candidate,ablation,status,tp,fp,fn,precision,recall,f1,admissible_secondary,wall_median_ms,wall_p95_ms,deterministic
EVAL-L1-S2101,L1,evaluation,v0_clean,A,passed,0,0,0,0.0,0.0,0.0,0,2024.95805,2364.609445,True
EVAL-L1-S2101,L1,evaluation,v0_clean,B,passed,0,0,0,0.0,0.0,0.0,0,2024.95805,2364.609445,True
EVAL-L1-S2101,L1,evaluation,v0_clean,C,passed,0,0,0,0.0,0.0,0.0,0,2024.95805,2364.609445,True
EVAL-L1-S2101,L1,evaluation,v0_clean,D,passed,0,0,0,0.0,0.0,0.0,0,2024.95805,2364.609445,True
EVAL-L1-S2101,L1,evaluation,v1_authorized,A,passed,0,0,0,0.0,0.0,0.0,0,2019.8569,2472.248905,True
EVAL-L1-S2101,L1,evaluation,v1_authorized,B,passed,0,0,0,0.0,0.0,0.0,0,2019.8569,2472.248905,True
EVAL-L1-S2101,L1,evaluation,v1_authorized,C,passed,0,0,0,0.0,0.0,0.0,0,2019.8569,2472.248905,True
EVAL-L1-S2101,L1,evaluation,v1_authorized,D,passed,0,0,0,0.0,0.0,0.0,0,2019.8569,2472.248905,True
EVAL-L1-S2101,L1,evaluation,v1_faulty,A,failed_verification,5,0,6,1.0,0.454545455,0.625,0,1966.98655,2133.059865,True
EVAL-L1-S2101,L1,evaluation,v1_faulty,B,failed_verification,7,0,4,1.0,0.636363636,0.777777778,0,1966.98655,2133.059865,True
EVAL-L1-S2101,L1,evaluation,v1_faulty,C,failed_verification,9,0,2,1.0,0.818181818,0.9,0,1966.98655,2133.059865,True
EVAL-L1-S2101,L1,evaluation,v1_faulty,D,failed_verification,11,0,0,1.0,1.0,1.0,0,1966.98655,2133.059865,True
EVAL-L1-S2101,L1,evaluation,v2_corrected,A,passed,0,0,0,0.0,0.0,0.0,0,1898.61485,2014.926935,True
EVAL-L1-S2101,L1,evaluation,v2_corrected,B,passed,0,0,0,0.0,0.0,0.0,0,1898.61485,2014.926935,True
EVAL-L1-S2101,L1,evaluation,v2_corrected,C,passed,0,0,0,0.0,0.0,0.0,0,1898.61485,2014.926935,True
EVAL-L1-S2101,L1,evaluation,v2_corrected,D,passed,0,0,0,0.0,0.0,0.0,0,1898.61485,2014.926935,True
EVAL-L1-S2102,L1,evaluation,v0_clean,A,passed,0,0,0,0.0,0.0,0.0,0,2015.5,2182.853495,True
EVAL-L1-S2102,L1,evaluation,v0_clean,B,passed,0,0,0,0.0,0.0,0.0,0,2015.5,2182.853495,True
EVAL-L1-S2102,L1,evaluation,v0_clean,C,passed,0,0,0,0.0,0.0,0.0,0,2015.5,2182.853495,True
EVAL-L1-S2102,L1,evaluation,v0_clean,D,passed,0,0,0,0.0,0.0,0.0,0,2015.5,2182.853495,True
EVAL-L1-S2102,L1,evaluation,v1_authorized,A,passed,0,0,0,0.0,0.0,0.0,0,2185.546,2320.88437,True
EVAL-L1-S2102,L1,evaluation,v1_authorized,B,passed,0,0,0,0.0,0.0,0.0,0,2185.546,2320.88437,True
EVAL-L1-S2102,L1,evaluation,v1_authorized,C,passed,0,0,0,0.0,0.0,0.0,0,2185.546,2320.88437,True
EVAL-L1-S2102,L1,evaluation,v1_authorized,D,passed,0,0,0,0.0,0.0,0.0,0,2185.546,2320.88437,True
EVAL-L1-S2102,L1,evaluation,v1_faulty,A,failed_verification,5,0,6,1.0,0.454545455,0.625,0,1874.09755,2156.82351,True
EVAL-L1-S2102,L1,evaluation,v1_faulty,B,failed_verification,7,0,4,1.0,0.636363636,0.777777778,0,1874.09755,2156.82351,True
EVAL-L1-S2102,L1,evaluation,v1_faulty,C,failed_verification,9,0,2,1.0,0.818181818,0.9,0,1874.09755,2156.82351,True
EVAL-L1-S2102,L1,evaluation,v1_faulty,D,failed_verification,11,0,0,1.0,1.0,1.0,0,1874.09755,2156.82351,True
EVAL-L1-S2102,L1,evaluation,v2_corrected,A,passed,0,0,0,0.0,0.0,0.0,0,1958.8575,2231.95667,True
EVAL-L1-S2102,L1,evaluation,v2_corrected,B,passed,0,0,0,0.0,0.0,0.0,0,1958.8575,2231.95667,True
EVAL-L1-S2102,L1,evaluation,v2_corrected,C,passed,0,0,0,0.0,0.0,0.0,0,1958.8575,2231.95667,True
EVAL-L1-S2102,L1,evaluation,v2_corrected,D,passed,0,0,0,0.0,0.0,0.0,0,1958.8575,2231.95667,True
EVAL-L1-S2103,L1,evaluation,v0_clean,A,passed,0,0,0,0.0,0.0,0.0,0,1937.3603,2672.947145,True
EVAL-L1-S2103,L1,evaluation,v0_clean,B,passed,0,0,0,0.0,0.0,0.0,0,1937.3603,2672.947145,True
EVAL-L1-S2103,L1,evaluation,v0_clean,C,passed,0,0,0,0.0,0.0,0.0,0,1937.3603,2672.947145,True
EVAL-L1-S2103,L1,evaluation,v0_clean,D,passed,0,0,0,0.0,0.0,0.0,0,1937.3603,2672.947145,True
EVAL-L1-S2103,L1,evaluation,v1_authorized,A,passed,0,0,0,0.0,0.0,0.0,0,1884.24535,2363.77803,True
EVAL-L1-S2103,L1,evaluation,v1_authorized,B,passed,0,0,0,0.0,0.0,0.0,0,1884.24535,2363.77803,True
EVAL-L1-S2103,L1,evaluation,v1_authorized,C,passed,0,0,0,0.0,0.0,0.0,0,1884.24535,2363.77803,True
EVAL-L1-S2103,L1,evaluation,v1_authorized,D,passed,0,0,0,0.0,0.0,0.0,0,1884.24535,2363.77803,True
EVAL-L1-S2103,L1,evaluation,v1_faulty,A,failed_verification,5,0,6,1.0,0.454545455,0.625,0,1865.29045,2157.02398,True
EVAL-L1-S2103,L1,evaluation,v1_faulty,B,failed_verification,7,0,4,1.0,0.636363636,0.777777778,0,1865.29045,2157.02398,True
EVAL-L1-S2103,L1,evaluation,v1_faulty,C,failed_verification,9,0,2,1.0,0.818181818,0.9,0,1865.29045,2157.02398,True
EVAL-L1-S2103,L1,evaluation,v1_faulty,D,failed_verification,11,0,0,1.0,1.0,1.0,0,1865.29045,2157.02398,True
EVAL-L1-S2103,L1,evaluation,v2_corrected,A,passed,0,0,0,0.0,0.0,0.0,0,1810.43855,2371.886485,True
EVAL-L1-S2103,L1,evaluation,v2_corrected,B,passed,0,0,0,0.0,0.0,0.0,0,1810.43855,2371.886485,True
EVAL-L1-S2103,L1,evaluation,v2_corrected,C,passed,0,0,0,0.0,0.0,0.0,0,1810.43855,2371.886485,True
EVAL-L1-S2103,L1,evaluation,v2_corrected,D,passed,0,0,0,0.0,0.0,0.0,0,1810.43855,2371.886485,True
EVAL-L1-S2104,L1,evaluation,v0_clean,A,passed,0,0,0,0.0,0.0,0.0,0,1899.9684,2204.06237,True
EVAL-L1-S2104,L1,evaluation,v0_clean,B,passed,0,0,0,0.0,0.0,0.0,0,1899.9684,2204.06237,True
EVAL-L1-S2104,L1,evaluation,v0_clean,C,passed,0,0,0,0.0,0.0,0.0,0,1899.9684,2204.06237,True
EVAL-L1-S2104,L1,evaluation,v0_clean,D,passed,0,0,0,0.0,0.0,0.0,0,1899.9684,2204.06237,True
EVAL-L1-S2104,L1,evaluation,v1_authorized,A,passed,0,0,0,0.0,0.0,0.0,0,1875.36845,2036.755905,True
EVAL-L1-S2104,L1,evaluation,v1_authorized,B,passed,0,0,0,0.0,0.0,0.0,0,1875.36845,2036.755905,True
EVAL-L1-S2104,L1,evaluation,v1_authorized,C,passed,0,0,0,0.0,0.0,0.0,0,1875.36845,2036.755905,True
EVAL-L1-S2104,L1,evaluation,v1_authorized,D,passed,0,0,0,0.0,0.0,0.0,0,1875.36845,2036.755905,True
EVAL-L1-S2104,L1,evaluation,v1_faulty,A,failed_verification,5,0,6,1.0,0.454545455,0.625,0,1878.0971,2485.53488,True
EVAL-L1-S2104,L1,evaluation,v1_faulty,B,failed_verification,7,0,4,1.0,0.636363636,0.777777778,0,1878.0971,2485.53488,True
EVAL-L1-S2104,L1,evaluation,v1_faulty,C,failed_verification,9,0,2,1.0,0.818181818,0.9,0,1878.0971,2485.53488,True
EVAL-L1-S2104,L1,evaluation,v1_faulty,D,failed_verification,11,0,0,1.0,1.0,1.0,0,1878.0971,2485.53488,True
EVAL-L1-S2104,L1,evaluation,v2_corrected,A,passed,0,0,0,0.0,0.0,0.0,0,1891.25955,2272.792205,True
EVAL-L1-S2104,L1,evaluation,v2_corrected,B,passed,0,0,0,0.0,0.0,0.0,0,1891.25955,2272.792205,True
EVAL-L1-S2104,L1,evaluation,v2_corrected,C,passed,0,0,0,0.0,0.0,0.0,0,1891.25955,2272.792205,True
EVAL-L1-S2104,L1,evaluation,v2_corrected,D,passed,0,0,0,0.0,0.0,0.0,0,1891.25955,2272.792205,True
EVAL-L1-S2105,L1,evaluation,v0_clean,A,passed,0,0,0,0.0,0.0,0.0,0,1839.44915,2091.329595,True
EVAL-L1-S2105,L1,evaluation,v0_clean,B,passed,0,0,0,0.0,0.0,0.0,0,1839.44915,2091.329595,True
EVAL-L1-S2105,L1,evaluation,v0_clean,C,passed,0,0,0,0.0,0.0,0.0,0,1839.44915,2091.329595,True
EVAL-L1-S2105,L1,evaluation,v0_clean,D,passed,0,0,0,0.0,0.0,0.0,0,1839.44915,2091.329595,True
EVAL-L1-S2105,L1,evaluation,v1_authorized,A,passed,0,0,0,0.0,0.0,0.0,0,1809.85595,1885.304845,True
EVAL-L1-S2105,L1,evaluation,v1_authorized,B,passed,0,0,0,0.0,0.0,0.0,0,1809.85595,1885.304845,True
EVAL-L1-S2105,L1,evaluation,v1_authorized,C,passed,0,0,0,0.0,0.0,0.0,0,1809.85595,1885.304845,True
EVAL-L1-S2105,L1,evaluation,v1_authorized,D,passed,0,0,0,0.0,0.0,0.0,0,1809.85595,1885.304845,True
EVAL-L1-S2105,L1,evaluation,v1_faulty,A,failed_verification,5,0,6,1.0,0.454545455,0.625,0,1779.8838,2098.33726,True
EVAL-L1-S2105,L1,evaluation,v1_faulty,B,failed_verification,7,0,4,1.0,0.636363636,0.777777778,0,1779.8838,2098.33726,True
EVAL-L1-S2105,L1,evaluation,v1_faulty,C,failed_verification,9,0,2,1.0,0.818181818,0.9,0,1779.8838,2098.33726,True
EVAL-L1-S2105,L1,evaluation,v1_faulty,D,failed_verification,11,0,0,1.0,1.0,1.0,0,1779.8838,2098.33726,True
EVAL-L1-S2105,L1,evaluation,v2_corrected,A,passed,0,0,0,0.0,0.0,0.0,0,1876.76715,2519.031405,True
EVAL-L1-S2105,L1,evaluation,v2_corrected,B,passed,0,0,0,0.0,0.0,0.0,0,1876.76715,2519.031405,True
EVAL-L1-S2105,L1,evaluation,v2_corrected,C,passed,0,0,0,0.0,0.0,0.0,0,1876.76715,2519.031405,True
EVAL-L1-S2105,L1,evaluation,v2_corrected,D,passed,0,0,0,0.0,0.0,0.0,0,1876.76715,2519.031405,True
EVAL-L1-S2106,L1,evaluation,v0_clean,A,passed,0,0,0,0.0,0.0,0.0,0,1919.01315,2123.52536,True
EVAL-L1-S2106,L1,evaluation,v0_clean,B,passed,0,0,0,0.0,0.0,0.0,0,1919.01315,2123.52536,True
EVAL-L1-S2106,L1,evaluation,v0_clean,C,passed,0,0,0,0.0,0.0,0.0,0,1919.01315,2123.52536,True
EVAL-L1-S2106,L1,evaluation,v0_clean,D,passed,0,0,0,0.0,0.0,0.0,0,1919.01315,2123.52536,True
EVAL-L1-S2106,L1,evaluation,v1_authorized,A,passed,0,0,0,0.0,0.0,0.0,0,1898.76825,2167.30809,True
EVAL-L1-S2106,L1,evaluation,v1_authorized,B,passed,0,0,0,0.0,0.0,0.0,0,1898.76825,2167.30809,True
EVAL-L1-S2106,L1,evaluation,v1_authorized,C,passed,0,0,0,0.0,0.0,0.0,0,1898.76825,2167.30809,True
EVAL-L1-S2106,L1,evaluation,v1_authorized,D,passed,0,0,0,0.0,0.0,0.0,0,1898.76825,2167.30809,True
EVAL-L1-S2106,L1,evaluation,v1_faulty,A,failed_verification,5,0,6,1.0,0.454545455,0.625,0,1912.7977,2068.50603,True
EVAL-L1-S2106,L1,evaluation,v1_faulty,B,failed_verification,7,0,4,1.0,0.636363636,0.777777778,0,1912.7977,2068.50603,True
EVAL-L1-S2106,L1,evaluation,v1_faulty,C,failed_verification,9,0,2,1.0,0.818181818,0.9,0,1912.7977,2068.50603,True
EVAL-L1-S2106,L1,evaluation,v1_faulty,D,failed_verification,11,0,0,1.0,1.0,1.0,0,1912.7977,2068.50603,True
EVAL-L1-S2106,L1,evaluation,v2_corrected,A,passed,0,0,0,0.0,0.0,0.0,0,1855.1827,1941.50012,True
EVAL-L1-S2106,L1,evaluation,v2_corrected,B,passed,0,0,0,0.0,0.0,0.0,0,1855.1827,1941.50012,True
EVAL-L1-S2106,L1,evaluation,v2_corrected,C,passed,0,0,0,0.0,0.0,0.0,0,1855.1827,1941.50012,True
EVAL-L1-S2106,L1,evaluation,v2_corrected,D,passed,0,0,0,0.0,0.0,0.0,0,1855.1827,1941.50012,True
EVAL-L1-S2107,L1,evaluation,v0_clean,A,passed,0,0,0,0.0,0.0,0.0,0,1924.4001,2111.366315,True
EVAL-L1-S2107,L1,evaluation,v0_clean,B,passed,0,0,0,0.0,0.0,0.0,0,1924.4001,2111.366315,True
EVAL-L1-S2107,L1,evaluation,v0_clean,C,passed,0,0,0,0.0,0.0,0.0,0,1924.4001,2111.366315,True
EVAL-L1-S2107,L1,evaluation,v0_clean,D,passed,0,0,0,0.0,0.0,0.0,0,1924.4001,2111.366315,True
EVAL-L1-S2107,L1,evaluation,v1_authorized,A,passed,0,0,0,0.0,0.0,0.0,0,1915.44,2101.03167,True
EVAL-L1-S2107,L1,evaluation,v1_authorized,B,passed,0,0,0,0.0,0.0,0.0,0,1915.44,2101.03167,True
EVAL-L1-S2107,L1,evaluation,v1_authorized,C,passed,0,0,0,0.0,0.0,0.0,0,1915.44,2101.03167,True
EVAL-L1-S2107,L1,evaluation,v1_authorized,D,passed,0,0,0,0.0,0.0,0.0,0,1915.44,2101.03167,True
EVAL-L1-S2107,L1,evaluation,v1_faulty,A,failed_verification,5,0,6,1.0,0.454545455,0.625,0,1856.33855,2054.624905,True
EVAL-L1-S2107,L1,evaluation,v1_faulty,B,failed_verification,7,0,4,1.0,0.636363636,0.777777778,0,1856.33855,2054.624905,True
EVAL-L1-S2107,L1,evaluation,v1_faulty,C,failed_verification,9,0,2,1.0,0.818181818,0.9,0,1856.33855,2054.624905,True
EVAL-L1-S2107,L1,evaluation,v1_faulty,D,failed_verification,11,0,0,1.0,1.0,1.0,0,1856.33855,2054.624905,True
EVAL-L1-S2107,L1,evaluation,v2_corrected,A,passed,0,0,0,0.0,0.0,0.0,0,1780.08245,2188.32304,True
EVAL-L1-S2107,L1,evaluation,v2_corrected,B,passed,0,0,0,0.0,0.0,0.0,0,1780.08245,2188.32304,True
EVAL-L1-S2107,L1,evaluation,v2_corrected,C,passed,0,0,0,0.0,0.0,0.0,0,1780.08245,2188.32304,True
EVAL-L1-S2107,L1,evaluation,v2_corrected,D,passed,0,0,0,0.0,0.0,0.0,0,1780.08245,2188.32304,True
EVAL-L1-S2108,L1,evaluation,v0_clean,A,passed,0,0,0,0.0,0.0,0.0,0,1861.6159,2124.691375,True
EVAL-L1-S2108,L1,evaluation,v0_clean,B,passed,0,0,0,0.0,0.0,0.0,0,1861.6159,2124.691375,True
EVAL-L1-S2108,L1,evaluation,v0_clean,C,passed,0,0,0,0.0,0.0,0.0,0,1861.6159,2124.691375,True
EVAL-L1-S2108,L1,evaluation,v0_clean,D,passed,0,0,0,0.0,0.0,0.0,0,1861.6159,2124.691375,True
EVAL-L1-S2108,L1,evaluation,v1_authorized,A,passed,0,0,0,0.0,0.0,0.0,0,1909.4805,2304.535335,True
EVAL-L1-S2108,L1,evaluation,v1_authorized,B,passed,0,0,0,0.0,0.0,0.0,0,1909.4805,2304.535335,True
EVAL-L1-S2108,L1,evaluation,v1_authorized,C,passed,0,0,0,0.0,0.0,0.0,0,1909.4805,2304.535335,True
EVAL-L1-S2108,L1,evaluation,v1_authorized,D,passed,0,0,0,0.0,0.0,0.0,0,1909.4805,2304.535335,True
EVAL-L1-S2108,L1,evaluation,v1_faulty,A,failed_verification,5,0,6,1.0,0.454545455,0.625,0,1675.56235,1867.87109,True
EVAL-L1-S2108,L1,evaluation,v1_faulty,B,failed_verification,7,0,4,1.0,0.636363636,0.777777778,0,1675.56235,1867.87109,True
EVAL-L1-S2108,L1,evaluation,v1_faulty,C,failed_verification,9,0,2,1.0,0.818181818,0.9,0,1675.56235,1867.87109,True
EVAL-L1-S2108,L1,evaluation,v1_faulty,D,failed_verification,11,0,0,1.0,1.0,1.0,0,1675.56235,1867.87109,True
EVAL-L1-S2108,L1,evaluation,v2_corrected,A,passed,0,0,0,0.0,0.0,0.0,0,1798.41555,2080.14222,True
EVAL-L1-S2108,L1,evaluation,v2_corrected,B,passed,0,0,0,0.0,0.0,0.0,0,1798.41555,2080.14222,True
EVAL-L1-S2108,L1,evaluation,v2_corrected,C,passed,0,0,0,0.0,0.0,0.0,0,1798.41555,2080.14222,True
EVAL-L1-S2108,L1,evaluation,v2_corrected,D,passed,0,0,0,0.0,0.0,0.0,0,1798.41555,2080.14222,True
EVAL-L1-S2109,L1,evaluation,v0_clean,A,passed,0,0,0,0.0,0.0,0.0,0,1717.01015,1962.7869,True
EVAL-L1-S2109,L1,evaluation,v0_clean,B,passed,0,0,0,0.0,0.0,0.0,0,1717.01015,1962.7869,True
EVAL-L1-S2109,L1,evaluation,v0_clean,C,passed,0,0,0,0.0,0.0,0.0,0,1717.01015,1962.7869,True
EVAL-L1-S2109,L1,evaluation,v0_clean,D,passed,0,0,0,0.0,0.0,0.0,0,1717.01015,1962.7869,True
EVAL-L1-S2109,L1,evaluation,v1_authorized,A,passed,0,0,0,0.0,0.0,0.0,0,1689.01065,2009.268795,True
EVAL-L1-S2109,L1,evaluation,v1_authorized,B,passed,0,0,0,0.0,0.0,0.0,0,1689.01065,2009.268795,True
EVAL-L1-S2109,L1,evaluation,v1_authorized,C,passed,0,0,0,0.0,0.0,0.0,0,1689.01065,2009.268795,True
EVAL-L1-S2109,L1,evaluation,v1_authorized,D,passed,0,0,0,0.0,0.0,0.0,0,1689.01065,2009.268795,True
EVAL-L1-S2109,L1,evaluation,v1_faulty,A,failed_verification,5,0,6,1.0,0.454545455,0.625,0,1786.7588,2118.852465,True
EVAL-L1-S2109,L1,evaluation,v1_faulty,B,failed_verification,7,0,4,1.0,0.636363636,0.777777778,0,1786.7588,2118.852465,True
EVAL-L1-S2109,L1,evaluation,v1_faulty,C,failed_verification,9,0,2,1.0,0.818181818,0.9,0,1786.7588,2118.852465,True
EVAL-L1-S2109,L1,evaluation,v1_faulty,D,failed_verification,11,0,0,1.0,1.0,1.0,0,1786.7588,2118.852465,True
EVAL-L1-S2109,L1,evaluation,v2_corrected,A,passed,0,0,0,0.0,0.0,0.0,0,1879.0172,2085.41038,True
EVAL-L1-S2109,L1,evaluation,v2_corrected,B,passed,0,0,0,0.0,0.0,0.0,0,1879.0172,2085.41038,True
EVAL-L1-S2109,L1,evaluation,v2_corrected,C,passed,0,0,0,0.0,0.0,0.0,0,1879.0172,2085.41038,True
EVAL-L1-S2109,L1,evaluation,v2_corrected,D,passed,0,0,0,0.0,0.0,0.0,0,1879.0172,2085.41038,True
EVAL-L1-S2110,L1,evaluation,v0_clean,A,passed,0,0,0,0.0,0.0,0.0,0,1744.2283,1822.831725,True
EVAL-L1-S2110,L1,evaluation,v0_clean,B,passed,0,0,0,0.0,0.0,0.0,0,1744.2283,1822.831725,True
EVAL-L1-S2110,L1,evaluation,v0_clean,C,passed,0,0,0,0.0,0.0,0.0,0,1744.2283,1822.831725,True
EVAL-L1-S2110,L1,evaluation,v0_clean,D,passed,0,0,0,0.0,0.0,0.0,0,1744.2283,1822.831725,True
EVAL-L1-S2110,L1,evaluation,v1_authorized,A,passed,0,0,0,0.0,0.0,0.0,0,1714.93745,2037.41027,True
EVAL-L1-S2110,L1,evaluation,v1_authorized,B,passed,0,0,0,0.0,0.0,0.0,0,1714.93745,2037.41027,True
EVAL-L1-S2110,L1,evaluation,v1_authorized,C,passed,0,0,0,0.0,0.0,0.0,0,1714.93745,2037.41027,True
EVAL-L1-S2110,L1,evaluation,v1_authorized,D,passed,0,0,0,0.0,0.0,0.0,0,1714.93745,2037.41027,True
EVAL-L1-S2110,L1,evaluation,v1_faulty,A,failed_verification,5,0,6,1.0,0.454545455,0.625,0,1761.9994,2145.80805,True
EVAL-L1-S2110,L1,evaluation,v1_faulty,B,failed_verification,7,0,4,1.0,0.636363636,0.777777778,0,1761.9994,2145.80805,True
EVAL-L1-S2110,L1,evaluation,v1_faulty,C,failed_verification,9,0,2,1.0,0.818181818,0.9,0,1761.9994,2145.80805,True
EVAL-L1-S2110,L1,evaluation,v1_faulty,D,failed_verification,11,0,0,1.0,1.0,1.0,0,1761.9994,2145.80805,True
EVAL-L1-S2110,L1,evaluation,v2_corrected,A,passed,0,0,0,0.0,0.0,0.0,0,1723.44435,2008.05739,True
EVAL-L1-S2110,L1,evaluation,v2_corrected,B,passed,0,0,0,0.0,0.0,0.0,0,1723.44435,2008.05739,True
EVAL-L1-S2110,L1,evaluation,v2_corrected,C,passed,0,0,0,0.0,0.0,0.0,0,1723.44435,2008.05739,True
EVAL-L1-S2110,L1,evaluation,v2_corrected,D,passed,0,0,0,0.0,0.0,0.0,0,1723.44435,2008.05739,True
EVAL-L2-S2201,L2,evaluation,v0_clean,A,passed,0,0,0,0.0,0.0,0.0,0,1819.8342,2054.27512,True
EVAL-L2-S2201,L2,evaluation,v0_clean,B,passed,0,0,0,0.0,0.0,0.0,0,1819.8342,2054.27512,True
EVAL-L2-S2201,L2,evaluation,v0_clean,C,passed,0,0,0,0.0,0.0,0.0,0,1819.8342,2054.27512,True
EVAL-L2-S2201,L2,evaluation,v0_clean,D,passed,0,0,0,0.0,0.0,0.0,0,1819.8342,2054.27512,True
EVAL-L2-S2201,L2,evaluation,v1_authorized,A,passed,0,0,0,0.0,0.0,0.0,0,1818.94715,2176.462595,True
EVAL-L2-S2201,L2,evaluation,v1_authorized,B,passed,0,0,0,0.0,0.0,0.0,0,1818.94715,2176.462595,True
EVAL-L2-S2201,L2,evaluation,v1_authorized,C,passed,0,0,0,0.0,0.0,0.0,0,1818.94715,2176.462595,True
EVAL-L2-S2201,L2,evaluation,v1_authorized,D,passed,0,0,0,0.0,0.0,0.0,0,1818.94715,2176.462595,True
EVAL-L2-S2201,L2,evaluation,v1_faulty,A,failed_verification,5,0,6,1.0,0.454545455,0.625,0,1759.07265,2107.076685,True
EVAL-L2-S2201,L2,evaluation,v1_faulty,B,failed_verification,7,0,4,1.0,0.636363636,0.777777778,0,1759.07265,2107.076685,True
EVAL-L2-S2201,L2,evaluation,v1_faulty,C,failed_verification,9,0,2,1.0,0.818181818,0.9,0,1759.07265,2107.076685,True
EVAL-L2-S2201,L2,evaluation,v1_faulty,D,failed_verification,11,0,0,1.0,1.0,1.0,0,1759.07265,2107.076685,True
EVAL-L2-S2201,L2,evaluation,v2_corrected,A,passed,0,0,0,0.0,0.0,0.0,0,1788.04805,1947.48642,True
EVAL-L2-S2201,L2,evaluation,v2_corrected,B,passed,0,0,0,0.0,0.0,0.0,0,1788.04805,1947.48642,True
EVAL-L2-S2201,L2,evaluation,v2_corrected,C,passed,0,0,0,0.0,0.0,0.0,0,1788.04805,1947.48642,True
EVAL-L2-S2201,L2,evaluation,v2_corrected,D,passed,0,0,0,0.0,0.0,0.0,0,1788.04805,1947.48642,True
EVAL-L2-S2202,L2,evaluation,v0_clean,A,passed,0,0,0,0.0,0.0,0.0,0,1734.17905,2100.09049,True
EVAL-L2-S2202,L2,evaluation,v0_clean,B,passed,0,0,0,0.0,0.0,0.0,0,1734.17905,2100.09049,True
EVAL-L2-S2202,L2,evaluation,v0_clean,C,passed,0,0,0,0.0,0.0,0.0,0,1734.17905,2100.09049,True
EVAL-L2-S2202,L2,evaluation,v0_clean,D,passed,0,0,0,0.0,0.0,0.0,0,1734.17905,2100.09049,True
EVAL-L2-S2202,L2,evaluation,v1_authorized,A,passed,0,0,0,0.0,0.0,0.0,0,1811.8989,2167.288775,True
EVAL-L2-S2202,L2,evaluation,v1_authorized,B,passed,0,0,0,0.0,0.0,0.0,0,1811.8989,2167.288775,True
EVAL-L2-S2202,L2,evaluation,v1_authorized,C,passed,0,0,0,0.0,0.0,0.0,0,1811.8989,2167.288775,True
EVAL-L2-S2202,L2,evaluation,v1_authorized,D,passed,0,0,0,0.0,0.0,0.0,0,1811.8989,2167.288775,True
EVAL-L2-S2202,L2,evaluation,v1_faulty,A,failed_verification,5,0,6,1.0,0.454545455,0.625,0,1792.1155,2094.30149,True
EVAL-L2-S2202,L2,evaluation,v1_faulty,B,failed_verification,7,0,4,1.0,0.636363636,0.777777778,0,1792.1155,2094.30149,True
EVAL-L2-S2202,L2,evaluation,v1_faulty,C,failed_verification,9,0,2,1.0,0.818181818,0.9,0,1792.1155,2094.30149,True
EVAL-L2-S2202,L2,evaluation,v1_faulty,D,failed_verification,11,0,0,1.0,1.0,1.0,0,1792.1155,2094.30149,True
EVAL-L2-S2202,L2,evaluation,v2_corrected,A,passed,0,0,0,0.0,0.0,0.0,0,1743.84005,1919.38918,True
EVAL-L2-S2202,L2,evaluation,v2_corrected,B,passed,0,0,0,0.0,0.0,0.0,0,1743.84005,1919.38918,True
EVAL-L2-S2202,L2,evaluation,v2_corrected,C,passed,0,0,0,0.0,0.0,0.0,0,1743.84005,1919.38918,True
EVAL-L2-S2202,L2,evaluation,v2_corrected,D,passed,0,0,0,0.0,0.0,0.0,0,1743.84005,1919.38918,True
EVAL-L2-S2203,L2,evaluation,v0_clean,A,passed,0,0,0,0.0,0.0,0.0,0,1774.2812,1995.698275,True
EVAL-L2-S2203,L2,evaluation,v0_clean,B,passed,0,0,0,0.0,0.0,0.0,0,1774.2812,1995.698275,True
EVAL-L2-S2203,L2,evaluation,v0_clean,C,passed,0,0,0,0.0,0.0,0.0,0,1774.2812,1995.698275,True
EVAL-L2-S2203,L2,evaluation,v0_clean,D,passed,0,0,0,0.0,0.0,0.0,0,1774.2812,1995.698275,True
EVAL-L2-S2203,L2,evaluation,v1_authorized,A,passed,0,0,0,0.0,0.0,0.0,0,1775.04895,1980.8376,True
EVAL-L2-S2203,L2,evaluation,v1_authorized,B,passed,0,0,0,0.0,0.0,0.0,0,1775.04895,1980.8376,True
EVAL-L2-S2203,L2,evaluation,v1_authorized,C,passed,0,0,0,0.0,0.0,0.0,0,1775.04895,1980.8376,True
EVAL-L2-S2203,L2,evaluation,v1_authorized,D,passed,0,0,0,0.0,0.0,0.0,0,1775.04895,1980.8376,True
EVAL-L2-S2203,L2,evaluation,v1_faulty,A,failed_verification,5,0,6,1.0,0.454545455,0.625,0,1806.9017,2112.450445,True
EVAL-L2-S2203,L2,evaluation,v1_faulty,B,failed_verification,7,0,4,1.0,0.636363636,0.777777778,0,1806.9017,2112.450445,True
EVAL-L2-S2203,L2,evaluation,v1_faulty,C,failed_verification,9,0,2,1.0,0.818181818,0.9,0,1806.9017,2112.450445,True
EVAL-L2-S2203,L2,evaluation,v1_faulty,D,failed_verification,11,0,0,1.0,1.0,1.0,0,1806.9017,2112.450445,True
EVAL-L2-S2203,L2,evaluation,v2_corrected,A,passed,0,0,0,0.0,0.0,0.0,0,1706.64985,1993.91204,True
EVAL-L2-S2203,L2,evaluation,v2_corrected,B,passed,0,0,0,0.0,0.0,0.0,0,1706.64985,1993.91204,True
EVAL-L2-S2203,L2,evaluation,v2_corrected,C,passed,0,0,0,0.0,0.0,0.0,0,1706.64985,1993.91204,True
EVAL-L2-S2203,L2,evaluation,v2_corrected,D,passed,0,0,0,0.0,0.0,0.0,0,1706.64985,1993.91204,True
EVAL-L2-S2204,L2,evaluation,v0_clean,A,passed,0,0,0,0.0,0.0,0.0,0,1772.4685,1855.372755,True
EVAL-L2-S2204,L2,evaluation,v0_clean,B,passed,0,0,0,0.0,0.0,0.0,0,1772.4685,1855.372755,True
EVAL-L2-S2204,L2,evaluation,v0_clean,C,passed,0,0,0,0.0,0.0,0.0,0,1772.4685,1855.372755,True
EVAL-L2-S2204,L2,evaluation,v0_clean,D,passed,0,0,0,0.0,0.0,0.0,0,1772.4685,1855.372755,True
EVAL-L2-S2204,L2,evaluation,v1_authorized,A,passed,0,0,0,0.0,0.0,0.0,0,1799.0505,2033.400785,True
EVAL-L2-S2204,L2,evaluation,v1_authorized,B,passed,0,0,0,0.0,0.0,0.0,0,1799.0505,2033.400785,True
EVAL-L2-S2204,L2,evaluation,v1_authorized,C,passed,0,0,0,0.0,0.0,0.0,0,1799.0505,2033.400785,True
EVAL-L2-S2204,L2,evaluation,v1_authorized,D,passed,0,0,0,0.0,0.0,0.0,0,1799.0505,2033.400785,True
EVAL-L2-S2204,L2,evaluation,v1_faulty,A,failed_verification,5,0,6,1.0,0.454545455,0.625,0,1853.87,2330.495305,True
EVAL-L2-S2204,L2,evaluation,v1_faulty,B,failed_verification,7,0,4,1.0,0.636363636,0.777777778,0,1853.87,2330.495305,True
EVAL-L2-S2204,L2,evaluation,v1_faulty,C,failed_verification,9,0,2,1.0,0.818181818,0.9,0,1853.87,2330.495305,True
EVAL-L2-S2204,L2,evaluation,v1_faulty,D,failed_verification,11,0,0,1.0,1.0,1.0,0,1853.87,2330.495305,True
EVAL-L2-S2204,L2,evaluation,v2_corrected,A,passed,0,0,0,0.0,0.0,0.0,0,1733.50375,1792.184005,True
EVAL-L2-S2204,L2,evaluation,v2_corrected,B,passed,0,0,0,0.0,0.0,0.0,0,1733.50375,1792.184005,True
EVAL-L2-S2204,L2,evaluation,v2_corrected,C,passed,0,0,0,0.0,0.0,0.0,0,1733.50375,1792.184005,True
EVAL-L2-S2204,L2,evaluation,v2_corrected,D,passed,0,0,0,0.0,0.0,0.0,0,1733.50375,1792.184005,True
EVAL-L2-S2205,L2,evaluation,v0_clean,A,passed,0,0,0,0.0,0.0,0.0,0,1773.0574,1892.756775,True
EVAL-L2-S2205,L2,evaluation,v0_clean,B,passed,0,0,0,0.0,0.0,0.0,0,1773.0574,1892.756775,True
EVAL-L2-S2205,L2,evaluation,v0_clean,C,passed,0,0,0,0.0,0.0,0.0,0,1773.0574,1892.756775,True
EVAL-L2-S2205,L2,evaluation,v0_clean,D,passed,0,0,0,0.0,0.0,0.0,0,1773.0574,1892.756775,True
EVAL-L2-S2205,L2,evaluation,v1_authorized,A,passed,0,0,0,0.0,0.0,0.0,0,1838.78085,1926.99752,True
EVAL-L2-S2205,L2,evaluation,v1_authorized,B,passed,0,0,0,0.0,0.0,0.0,0,1838.78085,1926.99752,True
EVAL-L2-S2205,L2,evaluation,v1_authorized,C,passed,0,0,0,0.0,0.0,0.0,0,1838.78085,1926.99752,True
EVAL-L2-S2205,L2,evaluation,v1_authorized,D,passed,0,0,0,0.0,0.0,0.0,0,1838.78085,1926.99752,True
EVAL-L2-S2205,L2,evaluation,v1_faulty,A,failed_verification,5,0,6,1.0,0.454545455,0.625,0,1812.638,2076.16021,True
EVAL-L2-S2205,L2,evaluation,v1_faulty,B,failed_verification,7,0,4,1.0,0.636363636,0.777777778,0,1812.638,2076.16021,True
EVAL-L2-S2205,L2,evaluation,v1_faulty,C,failed_verification,9,0,2,1.0,0.818181818,0.9,0,1812.638,2076.16021,True
EVAL-L2-S2205,L2,evaluation,v1_faulty,D,failed_verification,11,0,0,1.0,1.0,1.0,0,1812.638,2076.16021,True
EVAL-L2-S2205,L2,evaluation,v2_corrected,A,passed,0,0,0,0.0,0.0,0.0,0,1823.7028,2213.231255,True
EVAL-L2-S2205,L2,evaluation,v2_corrected,B,passed,0,0,0,0.0,0.0,0.0,0,1823.7028,2213.231255,True
EVAL-L2-S2205,L2,evaluation,v2_corrected,C,passed,0,0,0,0.0,0.0,0.0,0,1823.7028,2213.231255,True
EVAL-L2-S2205,L2,evaluation,v2_corrected,D,passed,0,0,0,0.0,0.0,0.0,0,1823.7028,2213.231255,True
EVAL-L2-S2206,L2,evaluation,v0_clean,A,passed,0,0,0,0.0,0.0,0.0,0,1783.33795,2130.22536,True
EVAL-L2-S2206,L2,evaluation,v0_clean,B,passed,0,0,0,0.0,0.0,0.0,0,1783.33795,2130.22536,True
EVAL-L2-S2206,L2,evaluation,v0_clean,C,passed,0,0,0,0.0,0.0,0.0,0,1783.33795,2130.22536,True
EVAL-L2-S2206,L2,evaluation,v0_clean,D,passed,0,0,0,0.0,0.0,0.0,0,1783.33795,2130.22536,True
EVAL-L2-S2206,L2,evaluation,v1_authorized,A,passed,0,0,0,0.0,0.0,0.0,0,1780.3462,1943.5213,True
EVAL-L2-S2206,L2,evaluation,v1_authorized,B,passed,0,0,0,0.0,0.0,0.0,0,1780.3462,1943.5213,True
EVAL-L2-S2206,L2,evaluation,v1_authorized,C,passed,0,0,0,0.0,0.0,0.0,0,1780.3462,1943.5213,True
EVAL-L2-S2206,L2,evaluation,v1_authorized,D,passed,0,0,0,0.0,0.0,0.0,0,1780.3462,1943.5213,True
EVAL-L2-S2206,L2,evaluation,v1_faulty,A,failed_verification,5,0,6,1.0,0.454545455,0.625,0,1848.76205,2020.040655,True
EVAL-L2-S2206,L2,evaluation,v1_faulty,B,failed_verification,7,0,4,1.0,0.636363636,0.777777778,0,1848.76205,2020.040655,True
EVAL-L2-S2206,L2,evaluation,v1_faulty,C,failed_verification,9,0,2,1.0,0.818181818,0.9,0,1848.76205,2020.040655,True
EVAL-L2-S2206,L2,evaluation,v1_faulty,D,failed_verification,11,0,0,1.0,1.0,1.0,0,1848.76205,2020.040655,True
EVAL-L2-S2206,L2,evaluation,v2_corrected,A,passed,0,0,0,0.0,0.0,0.0,0,1767.4363,1891.451845,True
EVAL-L2-S2206,L2,evaluation,v2_corrected,B,passed,0,0,0,0.0,0.0,0.0,0,1767.4363,1891.451845,True
EVAL-L2-S2206,L2,evaluation,v2_corrected,C,passed,0,0,0,0.0,0.0,0.0,0,1767.4363,1891.451845,True
EVAL-L2-S2206,L2,evaluation,v2_corrected,D,passed,0,0,0,0.0,0.0,0.0,0,1767.4363,1891.451845,True
EVAL-L2-S2207,L2,evaluation,v0_clean,A,passed,0,0,0,0.0,0.0,0.0,0,1847.1665,2373.56281,True
EVAL-L2-S2207,L2,evaluation,v0_clean,B,passed,0,0,0,0.0,0.0,0.0,0,1847.1665,2373.56281,True
EVAL-L2-S2207,L2,evaluation,v0_clean,C,passed,0,0,0,0.0,0.0,0.0,0,1847.1665,2373.56281,True
EVAL-L2-S2207,L2,evaluation,v0_clean,D,passed,0,0,0,0.0,0.0,0.0,0,1847.1665,2373.56281,True
EVAL-L2-S2207,L2,evaluation,v1_authorized,A,passed,0,0,0,0.0,0.0,0.0,0,1814.3349,2034.93061,True
EVAL-L2-S2207,L2,evaluation,v1_authorized,B,passed,0,0,0,0.0,0.0,0.0,0,1814.3349,2034.93061,True
EVAL-L2-S2207,L2,evaluation,v1_authorized,C,passed,0,0,0,0.0,0.0,0.0,0,1814.3349,2034.93061,True
EVAL-L2-S2207,L2,evaluation,v1_authorized,D,passed,0,0,0,0.0,0.0,0.0,0,1814.3349,2034.93061,True
EVAL-L2-S2207,L2,evaluation,v1_faulty,A,failed_verification,5,0,6,1.0,0.454545455,0.625,0,1766.30615,2153.709295,True
EVAL-L2-S2207,L2,evaluation,v1_faulty,B,failed_verification,7,0,4,1.0,0.636363636,0.777777778,0,1766.30615,2153.709295,True
EVAL-L2-S2207,L2,evaluation,v1_faulty,C,failed_verification,9,0,2,1.0,0.818181818,0.9,0,1766.30615,2153.709295,True
EVAL-L2-S2207,L2,evaluation,v1_faulty,D,failed_verification,11,0,0,1.0,1.0,1.0,0,1766.30615,2153.709295,True
EVAL-L2-S2207,L2,evaluation,v2_corrected,A,passed,0,0,0,0.0,0.0,0.0,0,1710.41695,1969.506285,True
EVAL-L2-S2207,L2,evaluation,v2_corrected,B,passed,0,0,0,0.0,0.0,0.0,0,1710.41695,1969.506285,True
EVAL-L2-S2207,L2,evaluation,v2_corrected,C,passed,0,0,0,0.0,0.0,0.0,0,1710.41695,1969.506285,True
EVAL-L2-S2207,L2,evaluation,v2_corrected,D,passed,0,0,0,0.0,0.0,0.0,0,1710.41695,1969.506285,True
EVAL-L2-S2208,L2,evaluation,v0_clean,A,passed,0,0,0,0.0,0.0,0.0,0,1861.49555,2331.03106,True
EVAL-L2-S2208,L2,evaluation,v0_clean,B,passed,0,0,0,0.0,0.0,0.0,0,1861.49555,2331.03106,True
EVAL-L2-S2208,L2,evaluation,v0_clean,C,passed,0,0,0,0.0,0.0,0.0,0,1861.49555,2331.03106,True
EVAL-L2-S2208,L2,evaluation,v0_clean,D,passed,0,0,0,0.0,0.0,0.0,0,1861.49555,2331.03106,True
EVAL-L2-S2208,L2,evaluation,v1_authorized,A,passed,0,0,0,0.0,0.0,0.0,0,1915.5294,2108.784785,True
EVAL-L2-S2208,L2,evaluation,v1_authorized,B,passed,0,0,0,0.0,0.0,0.0,0,1915.5294,2108.784785,True
EVAL-L2-S2208,L2,evaluation,v1_authorized,C,passed,0,0,0,0.0,0.0,0.0,0,1915.5294,2108.784785,True
EVAL-L2-S2208,L2,evaluation,v1_authorized,D,passed,0,0,0,0.0,0.0,0.0,0,1915.5294,2108.784785,True
EVAL-L2-S2208,L2,evaluation,v1_faulty,A,failed_verification,5,0,6,1.0,0.454545455,0.625,0,1766.86615,1956.210045,True
EVAL-L2-S2208,L2,evaluation,v1_faulty,B,failed_verification,7,0,4,1.0,0.636363636,0.777777778,0,1766.86615,1956.210045,True
EVAL-L2-S2208,L2,evaluation,v1_faulty,C,failed_verification,9,0,2,1.0,0.818181818,0.9,0,1766.86615,1956.210045,True
EVAL-L2-S2208,L2,evaluation,v1_faulty,D,failed_verification,11,0,0,1.0,1.0,1.0,0,1766.86615,1956.210045,True
EVAL-L2-S2208,L2,evaluation,v2_corrected,A,passed,0,0,0,0.0,0.0,0.0,0,1765.9013,2047.53327,True
EVAL-L2-S2208,L2,evaluation,v2_corrected,B,passed,0,0,0,0.0,0.0,0.0,0,1765.9013,2047.53327,True
EVAL-L2-S2208,L2,evaluation,v2_corrected,C,passed,0,0,0,0.0,0.0,0.0,0,1765.9013,2047.53327,True
EVAL-L2-S2208,L2,evaluation,v2_corrected,D,passed,0,0,0,0.0,0.0,0.0,0,1765.9013,2047.53327,True
EVAL-L2-S2209,L2,evaluation,v0_clean,A,passed,0,0,0,0.0,0.0,0.0,0,1759.07395,2127.99974,True
EVAL-L2-S2209,L2,evaluation,v0_clean,B,passed,0,0,0,0.0,0.0,0.0,0,1759.07395,2127.99974,True
EVAL-L2-S2209,L2,evaluation,v0_clean,C,passed,0,0,0,0.0,0.0,0.0,0,1759.07395,2127.99974,True
EVAL-L2-S2209,L2,evaluation,v0_clean,D,passed,0,0,0,0.0,0.0,0.0,0,1759.07395,2127.99974,True
EVAL-L2-S2209,L2,evaluation,v1_authorized,A,passed,0,0,0,0.0,0.0,0.0,0,1735.99,1917.47453,True
EVAL-L2-S2209,L2,evaluation,v1_authorized,B,passed,0,0,0,0.0,0.0,0.0,0,1735.99,1917.47453,True
EVAL-L2-S2209,L2,evaluation,v1_authorized,C,passed,0,0,0,0.0,0.0,0.0,0,1735.99,1917.47453,True
EVAL-L2-S2209,L2,evaluation,v1_authorized,D,passed,0,0,0,0.0,0.0,0.0,0,1735.99,1917.47453,True
EVAL-L2-S2209,L2,evaluation,v1_faulty,A,failed_verification,5,0,6,1.0,0.454545455,0.625,0,1828.81235,1870.767735,True
EVAL-L2-S2209,L2,evaluation,v1_faulty,B,failed_verification,7,0,4,1.0,0.636363636,0.777777778,0,1828.81235,1870.767735,True
EVAL-L2-S2209,L2,evaluation,v1_faulty,C,failed_verification,9,0,2,1.0,0.818181818,0.9,0,1828.81235,1870.767735,True
EVAL-L2-S2209,L2,evaluation,v1_faulty,D,failed_verification,11,0,0,1.0,1.0,1.0,0,1828.81235,1870.767735,True
EVAL-L2-S2209,L2,evaluation,v2_corrected,A,passed,0,0,0,0.0,0.0,0.0,0,1821.69855,2093.72394,True
EVAL-L2-S2209,L2,evaluation,v2_corrected,B,passed,0,0,0,0.0,0.0,0.0,0,1821.69855,2093.72394,True
EVAL-L2-S2209,L2,evaluation,v2_corrected,C,passed,0,0,0,0.0,0.0,0.0,0,1821.69855,2093.72394,True
EVAL-L2-S2209,L2,evaluation,v2_corrected,D,passed,0,0,0,0.0,0.0,0.0,0,1821.69855,2093.72394,True
EVAL-L2-S2210,L2,evaluation,v0_clean,A,passed,0,0,0,0.0,0.0,0.0,0,1815.3174,1991.91717,True
EVAL-L2-S2210,L2,evaluation,v0_clean,B,passed,0,0,0,0.0,0.0,0.0,0,1815.3174,1991.91717,True
EVAL-L2-S2210,L2,evaluation,v0_clean,C,passed,0,0,0,0.0,0.0,0.0,0,1815.3174,1991.91717,True
EVAL-L2-S2210,L2,evaluation,v0_clean,D,passed,0,0,0,0.0,0.0,0.0,0,1815.3174,1991.91717,True
EVAL-L2-S2210,L2,evaluation,v1_authorized,A,passed,0,0,0,0.0,0.0,0.0,0,1788.90035,2149.663665,True
EVAL-L2-S2210,L2,evaluation,v1_authorized,B,passed,0,0,0,0.0,0.0,0.0,0,1788.90035,2149.663665,True
EVAL-L2-S2210,L2,evaluation,v1_authorized,C,passed,0,0,0,0.0,0.0,0.0,0,1788.90035,2149.663665,True
EVAL-L2-S2210,L2,evaluation,v1_authorized,D,passed,0,0,0,0.0,0.0,0.0,0,1788.90035,2149.663665,True
EVAL-L2-S2210,L2,evaluation,v1_faulty,A,failed_verification,5,0,6,1.0,0.454545455,0.625,0,1736.6814,2091.23597,True
EVAL-L2-S2210,L2,evaluation,v1_faulty,B,failed_verification,7,0,4,1.0,0.636363636,0.777777778,0,1736.6814,2091.23597,True
EVAL-L2-S2210,L2,evaluation,v1_faulty,C,failed_verification,9,0,2,1.0,0.818181818,0.9,0,1736.6814,2091.23597,True
EVAL-L2-S2210,L2,evaluation,v1_faulty,D,failed_verification,11,0,0,1.0,1.0,1.0,0,1736.6814,2091.23597,True
EVAL-L2-S2210,L2,evaluation,v2_corrected,A,passed,0,0,0,0.0,0.0,0.0,0,1804.58635,2082.048215,True
EVAL-L2-S2210,L2,evaluation,v2_corrected,B,passed,0,0,0,0.0,0.0,0.0,0,1804.58635,2082.048215,True
EVAL-L2-S2210,L2,evaluation,v2_corrected,C,passed,0,0,0,0.0,0.0,0.0,0,1804.58635,2082.048215,True
EVAL-L2-S2210,L2,evaluation,v2_corrected,D,passed,0,0,0,0.0,0.0,0.0,0,1804.58635,2082.048215,True
EVAL-L3-S2301,L3,evaluation,v0_clean,A,passed,0,0,0,0.0,0.0,0.0,0,1813.11545,2047.871445,True
EVAL-L3-S2301,L3,evaluation,v0_clean,B,passed,0,0,0,0.0,0.0,0.0,0,1813.11545,2047.871445,True
EVAL-L3-S2301,L3,evaluation,v0_clean,C,passed,0,0,0,0.0,0.0,0.0,0,1813.11545,2047.871445,True
EVAL-L3-S2301,L3,evaluation,v0_clean,D,passed,0,0,0,0.0,0.0,0.0,0,1813.11545,2047.871445,True
EVAL-L3-S2301,L3,evaluation,v1_authorized,A,passed,0,0,0,0.0,0.0,0.0,0,1853.8525,2162.220175,True
EVAL-L3-S2301,L3,evaluation,v1_authorized,B,passed,0,0,0,0.0,0.0,0.0,0,1853.8525,2162.220175,True
EVAL-L3-S2301,L3,evaluation,v1_authorized,C,passed,0,0,0,0.0,0.0,0.0,0,1853.8525,2162.220175,True
EVAL-L3-S2301,L3,evaluation,v1_authorized,D,passed,0,0,0,0.0,0.0,0.0,0,1853.8525,2162.220175,True
EVAL-L3-S2301,L3,evaluation,v1_faulty,A,failed_verification,5,0,6,1.0,0.454545455,0.625,0,1818.67795,2081.19335,True
EVAL-L3-S2301,L3,evaluation,v1_faulty,B,failed_verification,7,0,4,1.0,0.636363636,0.777777778,0,1818.67795,2081.19335,True
EVAL-L3-S2301,L3,evaluation,v1_faulty,C,failed_verification,9,0,2,1.0,0.818181818,0.9,0,1818.67795,2081.19335,True
EVAL-L3-S2301,L3,evaluation,v1_faulty,D,failed_verification,11,0,0,1.0,1.0,1.0,0,1818.67795,2081.19335,True
EVAL-L3-S2301,L3,evaluation,v2_corrected,A,passed,0,0,0,0.0,0.0,0.0,0,1850.3272,2138.320575,True
EVAL-L3-S2301,L3,evaluation,v2_corrected,B,passed,0,0,0,0.0,0.0,0.0,0,1850.3272,2138.320575,True
EVAL-L3-S2301,L3,evaluation,v2_corrected,C,passed,0,0,0,0.0,0.0,0.0,0,1850.3272,2138.320575,True
EVAL-L3-S2301,L3,evaluation,v2_corrected,D,passed,0,0,0,0.0,0.0,0.0,0,1850.3272,2138.320575,True
EVAL-L3-S2302,L3,evaluation,v0_clean,A,passed,0,0,0,0.0,0.0,0.0,0,1795.66625,1940.622775,True
EVAL-L3-S2302,L3,evaluation,v0_clean,B,passed,0,0,0,0.0,0.0,0.0,0,1795.66625,1940.622775,True
EVAL-L3-S2302,L3,evaluation,v0_clean,C,passed,0,0,0,0.0,0.0,0.0,0,1795.66625,1940.622775,True
EVAL-L3-S2302,L3,evaluation,v0_clean,D,passed,0,0,0,0.0,0.0,0.0,0,1795.66625,1940.622775,True
EVAL-L3-S2302,L3,evaluation,v1_authorized,A,passed,0,0,0,0.0,0.0,0.0,0,1866.73585,2250.18733,True
EVAL-L3-S2302,L3,evaluation,v1_authorized,B,passed,0,0,0,0.0,0.0,0.0,0,1866.73585,2250.18733,True
EVAL-L3-S2302,L3,evaluation,v1_authorized,C,passed,0,0,0,0.0,0.0,0.0,0,1866.73585,2250.18733,True
EVAL-L3-S2302,L3,evaluation,v1_authorized,D,passed,0,0,0,0.0,0.0,0.0,0,1866.73585,2250.18733,True
EVAL-L3-S2302,L3,evaluation,v1_faulty,A,failed_verification,5,0,6,1.0,0.454545455,0.625,0,1872.80275,2244.56823,True
EVAL-L3-S2302,L3,evaluation,v1_faulty,B,failed_verification,7,0,4,1.0,0.636363636,0.777777778,0,1872.80275,2244.56823,True
EVAL-L3-S2302,L3,evaluation,v1_faulty,C,failed_verification,9,0,2,1.0,0.818181818,0.9,0,1872.80275,2244.56823,True
EVAL-L3-S2302,L3,evaluation,v1_faulty,D,failed_verification,11,0,0,1.0,1.0,1.0,0,1872.80275,2244.56823,True
EVAL-L3-S2302,L3,evaluation,v2_corrected,A,passed,0,0,0,0.0,0.0,0.0,0,1788.14595,2032.521615,True
EVAL-L3-S2302,L3,evaluation,v2_corrected,B,passed,0,0,0,0.0,0.0,0.0,0,1788.14595,2032.521615,True
EVAL-L3-S2302,L3,evaluation,v2_corrected,C,passed,0,0,0,0.0,0.0,0.0,0,1788.14595,2032.521615,True
EVAL-L3-S2302,L3,evaluation,v2_corrected,D,passed,0,0,0,0.0,0.0,0.0,0,1788.14595,2032.521615,True
EVAL-L3-S2303,L3,evaluation,v0_clean,A,passed,0,0,0,0.0,0.0,0.0,0,1858.60825,2110.009705,True
EVAL-L3-S2303,L3,evaluation,v0_clean,B,passed,0,0,0,0.0,0.0,0.0,0,1858.60825,2110.009705,True
EVAL-L3-S2303,L3,evaluation,v0_clean,C,passed,0,0,0,0.0,0.0,0.0,0,1858.60825,2110.009705,True
EVAL-L3-S2303,L3,evaluation,v0_clean,D,passed,0,0,0,0.0,0.0,0.0,0,1858.60825,2110.009705,True
EVAL-L3-S2303,L3,evaluation,v1_authorized,A,passed,0,0,0,0.0,0.0,0.0,0,1880.8928,2190.15263,True
EVAL-L3-S2303,L3,evaluation,v1_authorized,B,passed,0,0,0,0.0,0.0,0.0,0,1880.8928,2190.15263,True
EVAL-L3-S2303,L3,evaluation,v1_authorized,C,passed,0,0,0,0.0,0.0,0.0,0,1880.8928,2190.15263,True
EVAL-L3-S2303,L3,evaluation,v1_authorized,D,passed,0,0,0,0.0,0.0,0.0,0,1880.8928,2190.15263,True
EVAL-L3-S2303,L3,evaluation,v1_faulty,A,failed_verification,5,0,6,1.0,0.454545455,0.625,0,1880.30245,2447.125595,True
EVAL-L3-S2303,L3,evaluation,v1_faulty,B,failed_verification,7,0,4,1.0,0.636363636,0.777777778,0,1880.30245,2447.125595,True
EVAL-L3-S2303,L3,evaluation,v1_faulty,C,failed_verification,9,0,2,1.0,0.818181818,0.9,0,1880.30245,2447.125595,True
EVAL-L3-S2303,L3,evaluation,v1_faulty,D,failed_verification,11,0,0,1.0,1.0,1.0,0,1880.30245,2447.125595,True
EVAL-L3-S2303,L3,evaluation,v2_corrected,A,passed,0,0,0,0.0,0.0,0.0,0,1890.392,1986.227875,True
EVAL-L3-S2303,L3,evaluation,v2_corrected,B,passed,0,0,0,0.0,0.0,0.0,0,1890.392,1986.227875,True
EVAL-L3-S2303,L3,evaluation,v2_corrected,C,passed,0,0,0,0.0,0.0,0.0,0,1890.392,1986.227875,True
EVAL-L3-S2303,L3,evaluation,v2_corrected,D,passed,0,0,0,0.0,0.0,0.0,0,1890.392,1986.227875,True
EVAL-L3-S2304,L3,evaluation,v0_clean,A,passed,0,0,0,0.0,0.0,0.0,0,1787.65555,2037.418835,True
EVAL-L3-S2304,L3,evaluation,v0_clean,B,passed,0,0,0,0.0,0.0,0.0,0,1787.65555,2037.418835,True
EVAL-L3-S2304,L3,evaluation,v0_clean,C,passed,0,0,0,0.0,0.0,0.0,0,1787.65555,2037.418835,True
EVAL-L3-S2304,L3,evaluation,v0_clean,D,passed,0,0,0,0.0,0.0,0.0,0,1787.65555,2037.418835,True
EVAL-L3-S2304,L3,evaluation,v1_authorized,A,passed,0,0,0,0.0,0.0,0.0,0,2359.56325,3214.493655,True
EVAL-L3-S2304,L3,evaluation,v1_authorized,B,passed,0,0,0,0.0,0.0,0.0,0,2359.56325,3214.493655,True
EVAL-L3-S2304,L3,evaluation,v1_authorized,C,passed,0,0,0,0.0,0.0,0.0,0,2359.56325,3214.493655,True
EVAL-L3-S2304,L3,evaluation,v1_authorized,D,passed,0,0,0,0.0,0.0,0.0,0,2359.56325,3214.493655,True
EVAL-L3-S2304,L3,evaluation,v1_faulty,A,failed_verification,5,0,6,1.0,0.454545455,0.625,0,2426.65835,3135.896555,True
EVAL-L3-S2304,L3,evaluation,v1_faulty,B,failed_verification,7,0,4,1.0,0.636363636,0.777777778,0,2426.65835,3135.896555,True
EVAL-L3-S2304,L3,evaluation,v1_faulty,C,failed_verification,9,0,2,1.0,0.818181818,0.9,0,2426.65835,3135.896555,True
EVAL-L3-S2304,L3,evaluation,v1_faulty,D,failed_verification,11,0,0,1.0,1.0,1.0,0,2426.65835,3135.896555,True
EVAL-L3-S2304,L3,evaluation,v2_corrected,A,passed,0,0,0,0.0,0.0,0.0,0,2005.6468,2413.471555,True
EVAL-L3-S2304,L3,evaluation,v2_corrected,B,passed,0,0,0,0.0,0.0,0.0,0,2005.6468,2413.471555,True
EVAL-L3-S2304,L3,evaluation,v2_corrected,C,passed,0,0,0,0.0,0.0,0.0,0,2005.6468,2413.471555,True
EVAL-L3-S2304,L3,evaluation,v2_corrected,D,passed,0,0,0,0.0,0.0,0.0,0,2005.6468,2413.471555,True
EVAL-L3-S2305,L3,evaluation,v0_clean,A,passed,0,0,0,0.0,0.0,0.0,0,1818.13765,2079.161455,True
EVAL-L3-S2305,L3,evaluation,v0_clean,B,passed,0,0,0,0.0,0.0,0.0,0,1818.13765,2079.161455,True
EVAL-L3-S2305,L3,evaluation,v0_clean,C,passed,0,0,0,0.0,0.0,0.0,0,1818.13765,2079.161455,True
EVAL-L3-S2305,L3,evaluation,v0_clean,D,passed,0,0,0,0.0,0.0,0.0,0,1818.13765,2079.161455,True
EVAL-L3-S2305,L3,evaluation,v1_authorized,A,passed,0,0,0,0.0,0.0,0.0,0,1821.91565,2118.071955,True
EVAL-L3-S2305,L3,evaluation,v1_authorized,B,passed,0,0,0,0.0,0.0,0.0,0,1821.91565,2118.071955,True
EVAL-L3-S2305,L3,evaluation,v1_authorized,C,passed,0,0,0,0.0,0.0,0.0,0,1821.91565,2118.071955,True
EVAL-L3-S2305,L3,evaluation,v1_authorized,D,passed,0,0,0,0.0,0.0,0.0,0,1821.91565,2118.071955,True
EVAL-L3-S2305,L3,evaluation,v1_faulty,A,failed_verification,5,0,6,1.0,0.454545455,0.625,0,1853.23775,2113.289245,True
EVAL-L3-S2305,L3,evaluation,v1_faulty,B,failed_verification,7,0,4,1.0,0.636363636,0.777777778,0,1853.23775,2113.289245,True
EVAL-L3-S2305,L3,evaluation,v1_faulty,C,failed_verification,9,0,2,1.0,0.818181818,0.9,0,1853.23775,2113.289245,True
EVAL-L3-S2305,L3,evaluation,v1_faulty,D,failed_verification,11,0,0,1.0,1.0,1.0,0,1853.23775,2113.289245,True
EVAL-L3-S2305,L3,evaluation,v2_corrected,A,passed,0,0,0,0.0,0.0,0.0,0,1890.85195,2252.81233,True
EVAL-L3-S2305,L3,evaluation,v2_corrected,B,passed,0,0,0,0.0,0.0,0.0,0,1890.85195,2252.81233,True
EVAL-L3-S2305,L3,evaluation,v2_corrected,C,passed,0,0,0,0.0,0.0,0.0,0,1890.85195,2252.81233,True
EVAL-L3-S2305,L3,evaluation,v2_corrected,D,passed,0,0,0,0.0,0.0,0.0,0,1890.85195,2252.81233,True
EVAL-L3-S2306,L3,evaluation,v0_clean,A,passed,0,0,0,0.0,0.0,0.0,0,2480.03255,3063.86257,True
EVAL-L3-S2306,L3,evaluation,v0_clean,B,passed,0,0,0,0.0,0.0,0.0,0,2480.03255,3063.86257,True
EVAL-L3-S2306,L3,evaluation,v0_clean,C,passed,0,0,0,0.0,0.0,0.0,0,2480.03255,3063.86257,True
EVAL-L3-S2306,L3,evaluation,v0_clean,D,passed,0,0,0,0.0,0.0,0.0,0,2480.03255,3063.86257,True
EVAL-L3-S2306,L3,evaluation,v1_authorized,A,passed,0,0,0,0.0,0.0,0.0,0,2699.49895,2943.841035,True
EVAL-L3-S2306,L3,evaluation,v1_authorized,B,passed,0,0,0,0.0,0.0,0.0,0,2699.49895,2943.841035,True
EVAL-L3-S2306,L3,evaluation,v1_authorized,C,passed,0,0,0,0.0,0.0,0.0,0,2699.49895,2943.841035,True
EVAL-L3-S2306,L3,evaluation,v1_authorized,D,passed,0,0,0,0.0,0.0,0.0,0,2699.49895,2943.841035,True
EVAL-L3-S2306,L3,evaluation,v1_faulty,A,failed_verification,5,0,6,1.0,0.454545455,0.625,0,2000.4812,2980.114025,True
EVAL-L3-S2306,L3,evaluation,v1_faulty,B,failed_verification,7,0,4,1.0,0.636363636,0.777777778,0,2000.4812,2980.114025,True
EVAL-L3-S2306,L3,evaluation,v1_faulty,C,failed_verification,9,0,2,1.0,0.818181818,0.9,0,2000.4812,2980.114025,True
EVAL-L3-S2306,L3,evaluation,v1_faulty,D,failed_verification,11,0,0,1.0,1.0,1.0,0,2000.4812,2980.114025,True
EVAL-L3-S2306,L3,evaluation,v2_corrected,A,passed,0,0,0,0.0,0.0,0.0,0,2237.3592,2744.08338,True
EVAL-L3-S2306,L3,evaluation,v2_corrected,B,passed,0,0,0,0.0,0.0,0.0,0,2237.3592,2744.08338,True
EVAL-L3-S2306,L3,evaluation,v2_corrected,C,passed,0,0,0,0.0,0.0,0.0,0,2237.3592,2744.08338,True
EVAL-L3-S2306,L3,evaluation,v2_corrected,D,passed,0,0,0,0.0,0.0,0.0,0,2237.3592,2744.08338,True
EVAL-L3-S2307,L3,evaluation,v0_clean,A,passed,0,0,0,0.0,0.0,0.0,0,2159.3147,2977.199105,True
EVAL-L3-S2307,L3,evaluation,v0_clean,B,passed,0,0,0,0.0,0.0,0.0,0,2159.3147,2977.199105,True
EVAL-L3-S2307,L3,evaluation,v0_clean,C,passed,0,0,0,0.0,0.0,0.0,0,2159.3147,2977.199105,True
EVAL-L3-S2307,L3,evaluation,v0_clean,D,passed,0,0,0,0.0,0.0,0.0,0,2159.3147,2977.199105,True
EVAL-L3-S2307,L3,evaluation,v1_authorized,A,passed,0,0,0,0.0,0.0,0.0,0,2079.368,2371.352295,True
EVAL-L3-S2307,L3,evaluation,v1_authorized,B,passed,0,0,0,0.0,0.0,0.0,0,2079.368,2371.352295,True
EVAL-L3-S2307,L3,evaluation,v1_authorized,C,passed,0,0,0,0.0,0.0,0.0,0,2079.368,2371.352295,True
EVAL-L3-S2307,L3,evaluation,v1_authorized,D,passed,0,0,0,0.0,0.0,0.0,0,2079.368,2371.352295,True
EVAL-L3-S2307,L3,evaluation,v1_faulty,A,failed_verification,5,0,6,1.0,0.454545455,0.625,0,2044.90665,2378.673335,True
EVAL-L3-S2307,L3,evaluation,v1_faulty,B,failed_verification,7,0,4,1.0,0.636363636,0.777777778,0,2044.90665,2378.673335,True
EVAL-L3-S2307,L3,evaluation,v1_faulty,C,failed_verification,9,0,2,1.0,0.818181818,0.9,0,2044.90665,2378.673335,True
EVAL-L3-S2307,L3,evaluation,v1_faulty,D,failed_verification,11,0,0,1.0,1.0,1.0,0,2044.90665,2378.673335,True
EVAL-L3-S2307,L3,evaluation,v2_corrected,A,passed,0,0,0,0.0,0.0,0.0,0,2014.49405,2482.97995,True
EVAL-L3-S2307,L3,evaluation,v2_corrected,B,passed,0,0,0,0.0,0.0,0.0,0,2014.49405,2482.97995,True
EVAL-L3-S2307,L3,evaluation,v2_corrected,C,passed,0,0,0,0.0,0.0,0.0,0,2014.49405,2482.97995,True
EVAL-L3-S2307,L3,evaluation,v2_corrected,D,passed,0,0,0,0.0,0.0,0.0,0,2014.49405,2482.97995,True
EVAL-L3-S2308,L3,evaluation,v0_clean,A,passed,0,0,0,0.0,0.0,0.0,0,2078.5714,2528.571965,True
EVAL-L3-S2308,L3,evaluation,v0_clean,B,passed,0,0,0,0.0,0.0,0.0,0,2078.5714,2528.571965,True
EVAL-L3-S2308,L3,evaluation,v0_clean,C,passed,0,0,0,0.0,0.0,0.0,0,2078.5714,2528.571965,True
EVAL-L3-S2308,L3,evaluation,v0_clean,D,passed,0,0,0,0.0,0.0,0.0,0,2078.5714,2528.571965,True
EVAL-L3-S2308,L3,evaluation,v1_authorized,A,passed,0,0,0,0.0,0.0,0.0,0,2257.42165,2412.48404,True
EVAL-L3-S2308,L3,evaluation,v1_authorized,B,passed,0,0,0,0.0,0.0,0.0,0,2257.42165,2412.48404,True
EVAL-L3-S2308,L3,evaluation,v1_authorized,C,passed,0,0,0,0.0,0.0,0.0,0,2257.42165,2412.48404,True
EVAL-L3-S2308,L3,evaluation,v1_authorized,D,passed,0,0,0,0.0,0.0,0.0,0,2257.42165,2412.48404,True
EVAL-L3-S2308,L3,evaluation,v1_faulty,A,failed_verification,5,0,6,1.0,0.454545455,0.625,0,2575.77665,3185.196295,True
EVAL-L3-S2308,L3,evaluation,v1_faulty,B,failed_verification,7,0,4,1.0,0.636363636,0.777777778,0,2575.77665,3185.196295,True
EVAL-L3-S2308,L3,evaluation,v1_faulty,C,failed_verification,9,0,2,1.0,0.818181818,0.9,0,2575.77665,3185.196295,True
EVAL-L3-S2308,L3,evaluation,v1_faulty,D,failed_verification,11,0,0,1.0,1.0,1.0,0,2575.77665,3185.196295,True
EVAL-L3-S2308,L3,evaluation,v2_corrected,A,passed,0,0,0,0.0,0.0,0.0,0,2919.1538,5680.665825,True
EVAL-L3-S2308,L3,evaluation,v2_corrected,B,passed,0,0,0,0.0,0.0,0.0,0,2919.1538,5680.665825,True
EVAL-L3-S2308,L3,evaluation,v2_corrected,C,passed,0,0,0,0.0,0.0,0.0,0,2919.1538,5680.665825,True
EVAL-L3-S2308,L3,evaluation,v2_corrected,D,passed,0,0,0,0.0,0.0,0.0,0,2919.1538,5680.665825,True
EVAL-L3-S2309,L3,evaluation,v0_clean,A,passed,0,0,0,0.0,0.0,0.0,0,3578.64845,5621.435565,True
EVAL-L3-S2309,L3,evaluation,v0_clean,B,passed,0,0,0,0.0,0.0,0.0,0,3578.64845,5621.435565,True
EVAL-L3-S2309,L3,evaluation,v0_clean,C,passed,0,0,0,0.0,0.0,0.0,0,3578.64845,5621.435565,True
EVAL-L3-S2309,L3,evaluation,v0_clean,D,passed,0,0,0,0.0,0.0,0.0,0,3578.64845,5621.435565,True
EVAL-L3-S2309,L3,evaluation,v1_authorized,A,passed,0,0,0,0.0,0.0,0.0,0,3502.66745,4425.1573,True
EVAL-L3-S2309,L3,evaluation,v1_authorized,B,passed,0,0,0,0.0,0.0,0.0,0,3502.66745,4425.1573,True
EVAL-L3-S2309,L3,evaluation,v1_authorized,C,passed,0,0,0,0.0,0.0,0.0,0,3502.66745,4425.1573,True
EVAL-L3-S2309,L3,evaluation,v1_authorized,D,passed,0,0,0,0.0,0.0,0.0,0,3502.66745,4425.1573,True
EVAL-L3-S2309,L3,evaluation,v1_faulty,A,failed_verification,5,0,6,1.0,0.454545455,0.625,0,3044.1973,4475.61497,True
EVAL-L3-S2309,L3,evaluation,v1_faulty,B,failed_verification,7,0,4,1.0,0.636363636,0.777777778,0,3044.1973,4475.61497,True
EVAL-L3-S2309,L3,evaluation,v1_faulty,C,failed_verification,9,0,2,1.0,0.818181818,0.9,0,3044.1973,4475.61497,True
EVAL-L3-S2309,L3,evaluation,v1_faulty,D,failed_verification,11,0,0,1.0,1.0,1.0,0,3044.1973,4475.61497,True
EVAL-L3-S2309,L3,evaluation,v2_corrected,A,passed,0,0,0,0.0,0.0,0.0,0,3448.14855,4204.392475,True
EVAL-L3-S2309,L3,evaluation,v2_corrected,B,passed,0,0,0,0.0,0.0,0.0,0,3448.14855,4204.392475,True
EVAL-L3-S2309,L3,evaluation,v2_corrected,C,passed,0,0,0,0.0,0.0,0.0,0,3448.14855,4204.392475,True
EVAL-L3-S2309,L3,evaluation,v2_corrected,D,passed,0,0,0,0.0,0.0,0.0,0,3448.14855,4204.392475,True
EVAL-L3-S2310,L3,evaluation,v0_clean,A,passed,0,0,0,0.0,0.0,0.0,0,2877.93055,3250.4423,True
EVAL-L3-S2310,L3,evaluation,v0_clean,B,passed,0,0,0,0.0,0.0,0.0,0,2877.93055,3250.4423,True
EVAL-L3-S2310,L3,evaluation,v0_clean,C,passed,0,0,0,0.0,0.0,0.0,0,2877.93055,3250.4423,True
EVAL-L3-S2310,L3,evaluation,v0_clean,D,passed,0,0,0,0.0,0.0,0.0,0,2877.93055,3250.4423,True
EVAL-L3-S2310,L3,evaluation,v1_authorized,A,passed,0,0,0,0.0,0.0,0.0,0,2420.9469,2754.860985,True
EVAL-L3-S2310,L3,evaluation,v1_authorized,B,passed,0,0,0,0.0,0.0,0.0,0,2420.9469,2754.860985,True
EVAL-L3-S2310,L3,evaluation,v1_authorized,C,passed,0,0,0,0.0,0.0,0.0,0,2420.9469,2754.860985,True
EVAL-L3-S2310,L3,evaluation,v1_authorized,D,passed,0,0,0,0.0,0.0,0.0,0,2420.9469,2754.860985,True
EVAL-L3-S2310,L3,evaluation,v1_faulty,A,failed_verification,5,0,6,1.0,0.454545455,0.625,0,2286.83305,2944.736095,True
EVAL-L3-S2310,L3,evaluation,v1_faulty,B,failed_verification,7,0,4,1.0,0.636363636,0.777777778,0,2286.83305,2944.736095,True
EVAL-L3-S2310,L3,evaluation,v1_faulty,C,failed_verification,9,0,2,1.0,0.818181818,0.9,0,2286.83305,2944.736095,True
EVAL-L3-S2310,L3,evaluation,v1_faulty,D,failed_verification,11,0,0,1.0,1.0,1.0,0,2286.83305,2944.736095,True
EVAL-L3-S2310,L3,evaluation,v2_corrected,A,passed,0,0,0,0.0,0.0,0.0,0,2156.2161,2292.616005,True
EVAL-L3-S2310,L3,evaluation,v2_corrected,B,passed,0,0,0,0.0,0.0,0.0,0,2156.2161,2292.616005,True
EVAL-L3-S2310,L3,evaluation,v2_corrected,C,passed,0,0,0,0.0,0.0,0.0,0,2156.2161,2292.616005,True
EVAL-L3-S2310,L3,evaluation,v2_corrected,D,passed,0,0,0,0.0,0.0,0.0,0,2156.2161,2292.616005,True
